{
    "loss": 0.6415690183639526,
    "accuracy": 0.8039215803146362
}